{
  "dataset": {
    "coast": "USA Combined",
    "region": "usa_combined",
    "horizon_hours_actual": 12.0,
    "samples_test": 80724
  },
  "flat_head": {
    "metrics_position": {
      "model": "LSTM trajectory model: position (12.0 h ahead)",
      "mae_lat": 0.12406911700963974,
      "mae_lon": 0.13251766562461853,
      "rmse_lat": 0.33386754989624023,
      "rmse_lon": 0.33899879455566406,
      "r2_lat": 0.9962440924005929,
      "r2_lon": 0.9983013494956208,
      "mean_error_nm": 10.960541725158691,
      "median_error_nm": 0.13037438690662384,
      "p90_error_nm": 38.368659210205074,
      "p95_error_nm": 62.1989873886106
    },
    "metrics_trajectory": {
      "model": "LSTM trajectory model: full predicted trajectory",
      "mean_ade_nm": 4.900327205657959,
      "median_ade_nm": 0.057543739676475525,
      "final_step_mean_error_nm": 10.960541725158691
    },
    "compute": {
      "param_count": 908688,
      "peak_gpu_mb": 771.77783203125,
      "avg_throughput_samples_per_sec": 16126.402019247562,
      "total_train_sec": 345.3814430120401
    },
    "epochs_ran": 20,
    "best_val_loss": 0.0005101375768158972
  },
  "autoregressive": {
    "metrics_position": {
      "model": "LSTM-AR trajectory model: position (12.0 h ahead)",
      "mae_lat": 0.1337263286113739,
      "mae_lon": 0.14283007383346558,
      "rmse_lat": 0.3521908223628998,
      "rmse_lon": 0.36081168055534363,
      "r2_lat": 0.9958205177126902,
      "r2_lon": 0.9980757172222937,
      "mean_error_nm": 11.831144332885742,
      "median_error_nm": 0.1067485511302948,
      "p90_error_nm": 42.17676734924315,
      "p95_error_nm": 67.04877204895008
    },
    "metrics_trajectory": {
      "model": "LSTM-AR trajectory model: full predicted trajectory",
      "mean_ade_nm": 5.306158542633057,
      "median_ade_nm": 0.016882043331861496,
      "final_step_mean_error_nm": 11.831144332885742
    },
    "compute": {
      "param_count": 1631618,
      "peak_gpu_mb": 804.0361328125,
      "avg_throughput_samples_per_sec": 2560.4180282119764,
      "total_train_sec": 5003.264255620772
    },
    "epochs_ran": 46,
    "best_val_loss": 0.0005754621347557778,
    "teacher_forcing_ratio": 0.5
  },
  "ar_vs_flat_delta_pct": {
    "mean_error_km": null,
    "median_error_km": null,
    "p90_error_km": null,
    "mean_error_nm": 7.94,
    "median_error_nm": -18.12,
    "p90_error_nm": 9.93,
    "mean_ade_km": null,
    "mean_ade_nm": 8.28,
    "param_overhead": 79.56,
    "gpu_overhead": 4.18,
    "throughput_drop": -84.12
  }
}