{
  "input": "data/processed/combined_filtered_smart/train.parquet",
  "coast": "USA Combined",
  "context_hours": [
    9.0,
    12.0,
    18.0,
    24.0
  ],
  "future_hours": 12.0,
  "history_steps": 144,
  "future_steps": 72,
  "horizon_hours_actual": 12.0,
  "training": {
    "haversine_weight": 0.5,
    "relative_loss_weight": 0.0,
    "min_path_km": 10.0,
    "difficulty_weighting": true,
    "maneuver_oversample": false,
    "maneuver_fraction": 0.3,
    "motion_balanced_sample": false,
    "straight_fraction": 0.15,
    "other_fraction": 0.15,
    "residual_naive": false,
    "kinematic_baseline": true,
    "split_by": "trajectory",
    "curriculum": true,
    "curriculum_start_hours": 6.0,
    "scheduled_teacher_forcing": true,
    "teacher_forcing_start": 0.3,
    "teacher_forcing_end": 0.0
  },
  "metrics": [
    {
      "model": "Kinematic baseline",
      "mae_lat": 0.8001096248626709,
      "mae_lon": 1.0178356170654297,
      "rmse_lat": 1.3236112594604492,
      "rmse_lon": 1.678428053855896,
      "r2_lat": 0.9592009999153855,
      "r2_lon": 0.9862707568774769,
      "mean_error_km": 143.09046936035156,
      "median_error_km": 106.10494232177734,
      "p90_error_km": 344.4193115234375,
      "p95_error_km": 429.2274627685547,
      "mean_error_nm": 77.2626724243164,
      "median_error_nm": 57.292083740234375,
      "p90_error_nm": 185.9715576171875,
      "p95_error_nm": 231.76428985595703,
      "mean_nfde": 5.026207447052002,
      "median_nfde": 1.3539454936981201,
      "p90_nfde": 14.42213249206543,
      "mean_future_displacement_km": 54.15364074707031
    },
    {
      "model": "Adaptive AR (12.0h ahead)",
      "mae_lat": 0.19480958580970764,
      "mae_lon": 0.25639215111732483,
      "rmse_lat": 0.3731158971786499,
      "rmse_lon": 0.4516012370586395,
      "r2_lat": 0.9967579765390188,
      "r2_lon": 0.9990060802406978,
      "mean_error_km": 35.62064743041992,
      "median_error_km": 19.658227920532227,
      "p90_error_km": 89.61531829833984,
      "p95_error_km": 127.93624496459961,
      "mean_error_nm": 19.233612060546875,
      "median_error_nm": 10.614593505859375,
      "p90_error_nm": 48.38840103149414,
      "p95_error_nm": 69.08004760742188,
      "mean_nfde": 0.8231539130210876,
      "median_nfde": 0.6423588395118713,
      "p90_nfde": 1.2193199396133423,
      "mean_future_displacement_km": 54.15364074707031
    },
    {
      "model": "Adaptive AR: full trajectory",
      "mean_ade_km": 18.252151489257812,
      "median_ade_km": 7.660231590270996,
      "final_step_mean_error_km": 35.62064743041992,
      "mean_ade_nm": 9.855378150939941,
      "median_ade_nm": 4.136194229125977,
      "final_step_mean_error_nm": 19.233612060546875,
      "mean_nade": 0.3079865276813507,
      "median_nade": 0.19424161314964294,
      "p90_nade": 0.5838378071784973,
      "mean_true_path_km": 72.3443832397461
    },
    {
      "model": "Adaptive AR [straight, n=1361]",
      "mae_lat": 0.3182555139064789,
      "mae_lon": 0.39778032898902893,
      "rmse_lat": 0.4370141625404358,
      "rmse_lon": 0.5272202491760254,
      "r2_lat": 0.9977508493793118,
      "r2_lon": 0.9988935052972809,
      "mean_error_km": 54.20526123046875,
      "median_error_km": 43.72285079956055,
      "p90_error_km": 103.57981872558594,
      "p95_error_km": 137.1212158203125,
      "mean_error_nm": 29.268497467041016,
      "median_error_nm": 23.608449935913086,
      "p90_error_nm": 55.928627014160156,
      "p95_error_nm": 74.03953552246094,
      "mean_nfde": 0.5686587691307068,
      "median_nfde": 0.29674869775772095,
      "p90_nfde": 1.0156627893447876,
      "mean_future_displacement_km": 157.5461883544922
    },
    {
      "model": "Adaptive AR [maneuver, n=102727]",
      "mae_lat": 0.1908705085515976,
      "mae_lon": 0.25304436683654785,
      "rmse_lat": 0.37087374925613403,
      "rmse_lon": 0.44921404123306274,
      "r2_lat": 0.996735084863737,
      "r2_lon": 0.9989666279820261,
      "mean_error_km": 35.03816604614258,
      "median_error_km": 18.769662857055664,
      "p90_error_km": 88.61668853759772,
      "p95_error_km": 127.55085754394527,
      "mean_error_nm": 18.919097900390625,
      "median_error_nm": 10.134807586669922,
      "p90_error_nm": 47.84918441772464,
      "p95_error_nm": 68.8719528198242,
      "mean_nfde": 0.8226513266563416,
      "median_nfde": 0.6525359749794006,
      "p90_nfde": 1.2153917312622073,
      "mean_future_displacement_km": 51.71294403076172
    },
    {
      "model": "Adaptive AR [anchored, n=5070]",
      "mae_lat": 0.18350492417812347,
      "mae_lon": 0.24460911750793457,
      "rmse_lat": 0.3997040092945099,
      "rmse_lon": 0.508709728717804,
      "r2_lat": 0.9951629912656557,
      "r2_lon": 0.9984697764699584,
      "mean_error_km": 33.810523986816406,
      "median_error_km": 9.137737274169922,
      "p90_error_km": 109.40299530029301,
      "p95_error_km": 159.56292953491212,
      "mean_error_nm": 18.256221771240234,
      "median_error_nm": 4.933982849121094,
      "p90_error_nm": 59.07289199829104,
      "p95_error_nm": 86.1570873260498,
      "mean_nfde": 0.8023342490196228,
      "median_nfde": 0.4002537131309509,
      "p90_nfde": 1.254337358474735,
      "mean_future_displacement_km": 44.498291015625
    },
    {
      "model": "Adaptive AR [other, n=4020]",
      "mae_lat": 0.25318577885627747,
      "mae_lon": 0.2879544496536255,
      "rmse_lat": 0.40546903014183044,
      "rmse_lon": 0.4694707691669464,
      "r2_lat": 0.996249240297546,
      "r2_lon": 0.9992369025442097,
      "mean_error_km": 43.702919006347656,
      "median_error_km": 28.99079704284668,
      "p90_error_km": 103.14720916748047,
      "p95_error_km": 130.61371994018538,
      "mean_error_nm": 23.597688674926758,
      "median_error_nm": 15.653778076171875,
      "p90_error_nm": 55.69503707885742,
      "p95_error_nm": 70.52576408386221,
      "mean_nfde": 0.9060119390487671,
      "median_nfde": 0.557347297668457,
      "p90_nfde": 1.5697742342948906,
      "mean_future_displacement_km": 81.41085052490234
    }
  ],
  "history": [
    {
      "epoch": 0.0,
      "train_loss": 0.11773513442659515,
      "val_loss": 0.2421075203319971,
      "lr": 0.001,
      "epoch_sec": 179.85074841883034,
      "train_steps": 36.0,
      "future_steps": 72.0,
      "teacher_forcing": 0.3,
      "train_eval_loss": 0.267305600795801
    },
    {
      "epoch": 1.0,
      "train_loss": 0.09058156307178777,
      "val_loss": 0.2396603731409538,
      "lr": 0.001,
      "epoch_sec": 179.65998224704526,
      "train_steps": 37.0,
      "future_steps": 72.0,
      "teacher_forcing": 0.29491525423728815,
      "train_eval_loss": 0.2532155348904256
    },
    {
      "epoch": 2.0,
      "train_loss": 0.08989013511604539,
      "val_loss": 0.3604222720231753,
      "lr": 0.001,
      "epoch_sec": 179.8856694540009,
      "train_steps": 38.0,
      "future_steps": 72.0,
      "teacher_forcing": 0.28983050847457625,
      "train_eval_loss": 0.3803493436949462
    },
    {
      "epoch": 3.0,
      "train_loss": 0.09095140466093345,
      "val_loss": 0.21933128449126707,
      "lr": 0.001,
      "epoch_sec": 179.52945479704067,
      "train_steps": 40.0,
      "future_steps": 72.0,
      "teacher_forcing": 0.2847457627118644,
      "train_eval_loss": 0.2318512559079516
    },
    {
      "epoch": 4.0,
      "train_loss": 0.09002800649446514,
      "val_loss": 0.19947734339785275,
      "lr": 0.001,
      "epoch_sec": 179.81136704119854,
      "train_steps": 41.0,
      "future_steps": 72.0,
      "teacher_forcing": 0.2796610169491525,
      "train_eval_loss": 0.21112648723677224
    },
    {
      "epoch": 5.0,
      "train_loss": 0.09097832032475651,
      "val_loss": 0.21195504583238264,
      "lr": 0.001,
      "epoch_sec": 179.22843395196833,
      "train_steps": 42.0,
      "future_steps": 72.0,
      "teacher_forcing": 0.2745762711864407,