{
  "label": "baseline_v1_full_horizon_val",
  "description": "Huber+Haversine TrajectoryLoss, full-horizon validation, patience=10, no maneuver oversample, 400k sample, combined_filtered train.parquet",
  "git_note": "Checkpoint before residual learning + motion-balanced sampling + larger data experiments",
  "training_config": {
    "loss": "TrajectoryLoss (Huber delta + local_km / 50, haversine_weight=0.5)",
    "curriculum": true,
    "curriculum_start_hours": 6.0,
    "difficulty_weighting": true,
    "maneuver_oversample": false,
    "val_horizon": "full 72 steps (12h)",
    "patience": 10,
    "sample_size": 400000,
    "input": "data/processed/combined_filtered/train.parquet",
    "horizon_hours": 12.0,
    "gpu": "NVIDIA RTX A6000 (1x)"
  },
  "models": {
    "flat_lstm": {
      "slurm": {
        "job_id": 20748,
        "log": "LOG/ais_rnn_usa-20748.out"
      },
      "architecture": {
        "type": "lstm",
        "hidden_dim": 256,
        "num_layers": 2,
        "dropout": 0.2
      },
      "training": {
        "batch_size": 256,
        "epochs_ran": 42,
        "learning_rate": 0.001,
        "patience": 10,
        "best_val_loss": 0.11229425877369617,
        "device": "cuda",
        "best_epoch": 31
      },
      "compute": {
        "param_count": 908688,
        "peak_gpu_mb": 771.78076171875,
        "avg_throughput_samples_per_sec": 16153.586960179717,
        "total_train_sec": 740.4060800541192
      },
      "runtime_sec": 806.23,
      "samples": {
        "total": 400000,
        "train": 284767,
        "val": 38736,
        "test": 76497
      },
      "test_metrics": {
        "naive_12h": {
          "mae_lat": 0.1630748212337494,
          "mae_lon": 0.2432049810886383,
          "rmse_lat": 1.0498369932174683,
          "rmse_lon": 1.8242847919464111,
          "r2_lat": 0.9766229123772888,
          "r2_lon": 0.9872012372784682,
          "mean_error_km": 31.3701229095459,
          "median_error_km": 3.614325523376465,
          "p90_error_km": 74.27271118164067,
          "p95_error_km": 131.8807495117187,
          "mean_error_nm": 16.93851089477539,
          "median_error_nm": 1.9515796899795532,
          "p90_error_nm": 40.10405578613284,
          "p95_error_nm": 71.20990600585935
        },
        "model_12h": {
          "mae_lat": 0.12775035202503204,
          "mae_lon": 0.1642601042985916,
          "rmse_lat": 0.30255699157714844,
          "rmse_lon": 0.39494431018829346,
          "r2_lat": 0.9980583939918661,
          "r2_lon": 0.9994001337440754,
          "mean_error_km": 22.714487075805664,
          "median_error_km": 3.2175180912017822,
          "p90_error_km": 68.15766906738291,
          "p95_error_km": 109.57141571044917,
          "mean_error_nm": 12.264841079711914,
          "median_error_nm": 1.7373207807540894,
          "p90_error_nm": 36.802197265625054,
          "p95_error_nm": 59.163832855224584
        },
        "straight_12h": {
          "mae_lat": 0.9096336364746094,
          "mae_lon": 0.4916245639324188,
          "rmse_lat": 1.0593293905258179,
          "rmse_lon": 0.5986851453781128,
          "r2_lat": 0.9388054324579069,
          "r2_lon": 0.9990350101653916,
          "mean_error_km": 118.25452423095703,
          "median_error_km": 120.40721893310547,
          "p90_error_km": 210.79395446777346,
          "p95_error_km": 211.88072204589844,
          "mean_error_nm": 63.852333068847656,
          "median_error_nm": 65.01469421386719,
          "p90_error_nm": 113.81962890625,
          "p95_error_nm": 114.40644073486328
        },
        "maneuver_12h": {
          "mae_lat": 0.11566786468029022,
          "mae_lon": 0.15316398441791534,
          "rmse_lat": 0.2781887948513031,
          "rmse_lon": 0.3813258409500122,
          "r2_lat": 0.9983504467673038,
          "r2_lon": 0.9994319941511346,
          "mean_error_km": 20.87163734436035,
          "median_error_km": 2.7761664390563965,
          "p90_error_km": 62.098214340209964,
          "p95_error_km": 98.85492172241204,
          "mean_error_nm": 11.269782066345215,
          "median_error_nm": 1.4990099668502808,
          "p90_error_nm": 33.53035202026368,
          "p95_error_nm": 53.37738838195797
        }
      }
    },
    "lstm_ar": {
      "slurm": {
        "job_id": 20751,
        "log": "LOG/ais_rnn_ar_usa-20751.out"
      },
      "architecture": {
        "type": "lstm",
        "variant": "autoregressive",
        "hidden_dim": 256,
        "num_layers": 2,
        "dropout": 0.2,
        "teacher_forcing_ratio": 0.3
      },
      "training": {
        "batch_size": 256,
        "epochs_ran": 30,
        "learning_rate": 0.001,
        "patience": 10,
        "best_val_loss": 0.10093705454908192,
        "device": "cuda",
        "best_epoch": 19
      },
      "compute": {
        "param_count": 1631618,
        "peak_gpu_mb": 804.15625,
        "avg_throughput_samples_per_sec": 2597.4158239247135,
        "total_train_sec": 3289.0421015035827
      },
      "runtime_sec": 3352.09,
      "samples": {
        "total": 400000,
        "train": 284767,
        "val": 38736,
        "test": 76497
      },
      "test_metrics": {
        "naive_12h": {
          "mae_lat": 0.1630748212337494,
          "mae_lon": 0.2432049810886383,
          "rmse_lat": 1.0498369932174683,
          "rmse_lon": 1.8242847919464111,
          "r2_lat": 0.9766229123772888,
          "r2_lon": 0.9872012372784682,
          "mean_error_km": 31.3701229095459,
          "median_error_km": 3.614325523376465,
          "p90_error_km": 74.27271118164067,
          "p95_error_km": 131.8807495117187,
          "mean_error_nm": 16.93851089477539,
          "median_error_nm": 1.9515796899795532,
          "p90_error_nm": 40.10405578613284,
          "p95_error_nm": 71.20990600585935
        },
        "model_12h": {
          "mae_lat": 0.12075868248939514,
          "mae_lon": 0.1566735804080963,
          "rmse_lat": 0.284414678812027,
          "rmse_lon": 0.3838556408882141,
          "r2_lat": 0.9982842628623632,
          "r2_lon": 0.9994333452852101,
          "mean_error_km": 21.609394073486328,
          "median_error_km": 2.1080684661865234,
          "p90_error_km": 67.49230651855486,
          "p95_error_km": 105.28032226562489,
          "mean_error_nm": 11.66813850402832,
          "median_error_nm": 1.1382659673690796,
          "p90_error_nm": 36.442930603027435,
          "p95_error_nm": 56.84682540893549
        },
        "straight_12h": {
          "mae_lat": 0.7948852181434631,
          "mae_lon": 0.2746230959892273,
          "rmse_lat": 0.9140567779541016,
          "rmse_lon": 0.3432583212852478,
          "r2_lat": 0.9544385818612204,
          "r2_lon": 0.999682774645256,
          "mean_error_km": 96.33838653564453,
          "median_error_km": 93.85963439941406,
          "p90_error_km": 163.76350708007814,
          "p95_error_km": 185.85585021972656,
          "mean_error_nm": 52.0185661315918,
          "median_error_nm": 50.68014907836914,
          "p90_error_nm": 88.42522277832032,
          "p95_error_nm": 100.35413360595703
        },
        "maneuver_12h": {
          "mae_lat": 0.10906367003917694,
          "mae_lon": 0.14712569117546082,
          "rmse_lat": 0.2624553143978119,
          "rmse_lon": 0.3710289001464844,
          "r2_lat": 0.998531757237153,
          "r2_lon": 0.9994622556573147,
          "mean_error_km": 19.90409278869629,
          "median_error_km": 1.766226887702942,
          "p90_error_km": 61.694392395019534,
          "p95_error_km": 97.38242034912109,
          "mean_error_nm": 10.747350692749023,
          "median_error_nm": 0.9536862373352051,
          "p90_error_nm": 33.312307357788086,
          "p95_error_nm": 52.58230018615723
        }
      }
    },
    "transformer": {
      "slurm": {
        "job_id": 20752,
        "log": "LOG/ais_transformer_usa-20752.out"
      },
      "architecture": {
        "type": "transformer",