{
  "label": "improved_v3_feb",
  "description": "February combined_filtered; split-first; motion-balanced; residual+kinematic; nFDE/nADE",
  "models": {
    "flat_lstm": {
      "metrics_path": "data/results/USA Combined/unknown/RNN/lstm_metrics.json",
      "architecture": {
        "type": "lstm",
        "hidden_dim": 256,
        "num_layers": 2,
        "dropout": 0.2
      },
      "training": {
        "batch_size": 256,
        "epochs_ran": 41,
        "learning_rate": 0.001,
        "patience": 10,
        "best_val_loss": 0.12620585111682842,
        "device": "cuda",
        "improvements": {
          "haversine_weight": 0.5,
          "difficulty_weighting": true,
          "maneuver_oversample": false,
          "maneuver_fraction": 0.3,
          "motion_balanced_sample": true,
          "straight_fraction": 0.15,
          "other_fraction": 0.15,
          "residual_naive": true,
          "curriculum": true,
          "curriculum_start_hours": 6.0,
          "scheduled_teacher_forcing": true,
          "teacher_forcing_start": 0.3,
          "teacher_forcing_end": 0.0
        },
        "best_epoch": 30
      },
      "compute": {
        "param_count": 908688,
        "peak_gpu_mb": 771.92138671875,
        "avg_throughput_samples_per_sec": 14573.96859499233,
        "total_train_sec": 2983.4639560661744
      },
      "runtime_sec": 3592.5,
      "samples": {
        "total": 1500000,
        "train": 1060510,
        "val": 142068,
        "test": 297422
      },
      "split_by": null,
      "test_metrics": {
        "naive_12h": {
          "mae_lat": 0.23393602669239044,
          "mae_lon": 0.26887398958206177,
          "rmse_lat": 0.9784603714942932,
          "rmse_lon": 1.0571820735931396,
          "r2_lat": 0.9746258196514048,
          "r2_lon": 0.9953316282854546,
          "mean_error_km": 39.90747833251953,
          "median_error_km": 6.917499542236328,
          "p90_error_km": 109.25418319702155,
          "p95_error_km": 175.57675018310547,
          "mean_error_nm": 21.54831314086914,
          "median_error_nm": 3.7351508140563965,
          "p90_error_nm": 58.992540359497106,
          "p95_error_nm": 94.80386199951172
        },
        "model_12h": {
          "mae_lat": 0.15686935186386108,
          "mae_lon": 0.19288930296897888,
          "rmse_lat": 0.37333354353904724,
          "rmse_lon": 0.45472416281700134,
          "r2_lat": 0.9963059763184796,
          "r2_lon": 0.9991363020401159,
          "mean_error_km": 27.528841018676758,
          "median_error_km": 5.762608528137207,
          "p90_error_km": 82.97092437744142,
          "p95_error_km": 129.8940254211427,
          "mean_error_nm": 14.864384651184082,
          "median_error_nm": 3.1115593910217285,
          "p90_error_nm": 44.800716781616224,
          "p95_error_nm": 70.13716354370123
        },
        "model_full_traj": {
          "mean_ade_km": 12.906179428100586,
          "median_ade_km": 1.2824989557266235,
          "final_step_mean_error_km": 27.528841018676758,
          "mean_ade_nm": 6.968786716461182,
          "median_ade_nm": 0.6924940347671509,
          "final_step_mean_error_nm": 14.864384651184082
        },
        "straight_12h": {
          "mae_lat": 0.4012189209461212,
          "mae_lon": 0.4837864935398102,
          "rmse_lat": 0.6989580392837524,
          "rmse_lon": 0.9413793683052063,
          "r2_lat": 0.9863909099453471,
          "r2_lon": 0.997512571386226,
          "mean_error_km": 70.5108642578125,
          "median_error_km": 47.846012115478516,
          "p90_error_km": 135.1925567626953,
          "p95_error_km": 194.84360656738275,
          "mean_error_nm": 38.072818756103516,
          "median_error_nm": 25.834779739379883,
          "p90_error_nm": 72.99814300537109,
          "p95_error_nm": 105.20712890624996
        },
        "maneuver_12h": {
          "mae_lat": 0.14562775194644928,
          "mae_lon": 0.17829526960849762,
          "rmse_lat": 0.3555386960506439,
          "rmse_lon": 0.4222680628299713,
          "r2_lat": 0.9966574705264211,
          "r2_lon": 0.99924329160143,
          "mean_error_km": 25.535541534423828,
          "median_error_km": 5.075082302093506,
          "p90_error_km": 76.53232803344727,
          "p95_error_km": 120.92360229492186,
          "mean_error_nm": 13.788084030151367,
          "median_error_nm": 2.7403252124786377,
          "p90_error_nm": 41.32415161132813,
          "p95_error_nm": 65.29352226257323
        },
        "anchored_12h": {
          "mae_lat": 0.1431247442960739,
          "mae_lon": 0.17362986505031586,
          "rmse_lat": 0.3356931507587433,
          "rmse_lon": 0.39469510316848755,
          "r2_lat": 0.996984304185272,
          "r2_lon": 0.9993785483296427,
          "mean_error_km": 24.771154403686523,
          "median_error_km": 2.4054675102233887,
          "p90_error_km": 83.72801971435547,
          "p95_error_km": 129.2732276916504,
          "mean_error_nm": 13.375353813171387,
          "median_error_nm": 1.2988486289978027,
          "p90_error_nm": 45.20951461791992,
          "p95_error_nm": 69.80195808410645
        },
        "other_12h": {
          "mae_lat": 0.3019392192363739,
          "mae_lon": 0.42540186643600464,
          "rmse_lat": 0.5850109457969666,
          "rmse_lon": 0.9121440649032593,
          "r2_lat": 0.989819349207607,
          "r2_lon": 0.9969127652935644,
          "mean_error_km": 56.7545051574707,
          "median_error_km": 28.488689422607422,
          "p90_error_km": 156.30569458007815,
          "p95_error_km": 205.21941528320306,
          "mean_error_nm": 30.644981384277344,
          "median_error_nm": 15.382661819458008,
          "p90_error_nm": 84.39832305908205,
          "p95_error_nm": 110.8096168518066
        }
      },
      "summary": {
        "naive_fde_km_mean": 39.90747833251953,
        "naive_fde_km_median": 6.917499542236328,
        "model_fde_km_mean": 27.528841018676758,
        "model_fde_km_median": 5.762608528137207,
        "model_ade_km_mean": 12.906179428100586,
        "model_ade_km_median": 1.2824989557266235,
        "straight_fde_km_mean": 70.5108642578125,
        "straight_fde_km_median": 47.846012115478516,
        "maneuver_fde_km_mean": 25.535541534423828,
        "maneuver_fde_km_median": 5.075082302093506,
        "anchored_fde_km_mean": 24.771154403686523,
        "anchored_fde_km_median": 2.4054675102233887,
        "other_fde_km_mean": 56.7545051574707,
        "other_fde_km_median": 28.488689422607422
      }
    },
    "lstm_ar": {
      "metrics_path": "data/results/USA Combined/unknown/RNN_AR_LSTM/lstm_ar_metrics.json",
      "architecture": {
        "type": "lstm",
        "variant": "autoregressive",
        "hidden_dim": 256,
        "num_layers": 2,
        "dropout": 0.2,
        "teacher_forcing_ratio": 0.3
      },
      "training": {
        "batch_size": 256,
        "epochs_ran": 48,
        "learning_rate": 0.001,
        "patience": 10,
        "best_val_loss": 0.12404683991735085,
        "device": "cuda",
        "improvements": {
          "haversine_weight": 0.5,
          "difficulty_weighting": true,
          "maneuver_oversample": false,
          "maneuver_fraction": 0.3,
          "motion_balanced_sample": true,
          "straight_fraction": 0.15,
          "other_fraction": 0.15,
          "residual_naive": true,
          "curriculum": true,
          "curriculum_start_hours": 6.0,
          "scheduled_teacher_forcing": true,
          "teacher_forcing_start": 0.3,
          "teacher_forcing_end": 0.0
        },
        "best_epoch": 37
      },
      "compute": {
        "param_count": 1631618,
        "peak_gpu_mb": 804.96923828125,
        "avg_throughput_samples_per_sec": 2545.722596769631,
        "total_train_sec": 19996.082866450073
      },
      "runtime_sec": 20620.23,
      "samples": {
        "total": 1500000,
        "train": 1060510,
        "val": 142068,