{
  "input": "data/processed/combined_filtered_smart_coastal/train.parquet",
  "coast": "USA Combined",
  "context_hours": [
    9.0,
    12.0,
    18.0,
    24.0
  ],
  "future_hours": 12.0,
  "history_steps": 144,
  "future_steps": 72,
  "horizon_hours_actual": 12.0,
  "gate_vessel_type": false,
  "vessel_class_names": null,
  "training": {
    "haversine_weight": 0.5,
    "relative_loss_weight": 0.0,
    "min_path_km": 10.0,
    "difficulty_weighting": true,
    "maneuver_oversample": false,
    "maneuver_fraction": 0.3,
    "motion_balanced_sample": false,
    "straight_fraction": 0.15,
    "other_fraction": 0.15,
    "residual_naive": false,
    "kinematic_baseline": true,
    "split_by": "trajectory",
    "curriculum": true,
    "curriculum_start_hours": 6.0,
    "scheduled_teacher_forcing": true,
    "teacher_forcing_start": 0.3,
    "teacher_forcing_end": 0.0,
    "land_penalty_weight": 0.1
  },
  "metrics": [
    {
      "model": "Kinematic baseline",
      "mae_lat": 0.8801287412643433,
      "mae_lon": 1.0738656520843506,
      "rmse_lat": 1.4869285821914673,
      "rmse_lon": 1.8730813264846802,
      "r2_lat": 0.9570646286097829,
      "r2_lon": 0.9870396576049341,
      "mean_error_km": 152.45433044433594,
      "median_error_km": 102.47505950927734,
      "p90_error_km": 373.43616027832076,
      "p95_error_km": 473.85007781982415,
      "mean_error_nm": 82.31875610351562,
      "median_error_nm": 55.33210754394531,
      "p90_error_nm": 201.6393981933596,
      "p95_error_nm": 255.8585754394531,
      "mean_nfde": 5.605418682098389,
      "median_nfde": 1.250941276550293,
      "p90_nfde": 16.375187873840336,
      "mean_future_displacement_km": 55.435646057128906
    },
    {
      "model": "Adaptive AR (12.0h ahead)",
      "mae_lat": 0.20802100002765656,
      "mae_lon": 0.2577206790447235,
      "rmse_lat": 0.3834228217601776,
      "rmse_lon": 0.4559542238712311,
      "r2_lat": 0.9971451003816271,
      "r2_lon": 0.9992320275074357,
      "mean_error_km": 36.703189849853516,
      "median_error_km": 20.189109802246094,
      "p90_error_km": 96.01244125366232,
      "p95_error_km": 132.30510787963865,
      "mean_error_nm": 19.81813621520996,
      "median_error_nm": 10.90124797821045,
      "p90_error_nm": 51.8425693511964,
      "p95_error_nm": 71.43904342651365,
      "mean_nfde": 0.8034791946411133,
      "median_nfde": 0.651435375213623,
      "p90_nfde": 1.2077036976814275,
      "mean_future_displacement_km": 55.435646057128906
    },
    {
      "model": "Adaptive AR: full trajectory",
      "mean_ade_km": 18.936790466308594,
      "median_ade_km": 7.636783123016357,
      "final_step_mean_error_km": 36.703189849853516,
      "mean_ade_nm": 10.225051879882812,
      "median_ade_nm": 4.123533248901367,
      "final_step_mean_error_nm": 19.81813621520996,
      "mean_nade": 0.30316752195358276,
      "median_nade": 0.19132740795612335,
      "p90_nade": 0.5969258904457097,
      "mean_true_path_km": 75.81211853027344
    },
    {
      "model": "Adaptive AR [straight, n=1148]",
      "mae_lat": 0.3437346816062927,
      "mae_lon": 0.3670438230037689,
      "rmse_lat": 0.4374590814113617,
      "rmse_lon": 0.5184977054595947,
      "r2_lat": 0.9959654128092781,
      "r2_lon": 0.9994014383940205,
      "mean_error_km": 55.07930374145508,
      "median_error_km": 46.0940055847168,
      "p90_error_km": 99.0741683959961,
      "p95_error_km": 120.1172622680664,
      "mean_error_nm": 29.740446090698242,
      "median_error_nm": 24.888771057128906,
      "p90_error_nm": 53.49577026367187,
      "p95_error_nm": 64.85813255310057,
      "mean_nfde": 0.4284401535987854,
      "median_nfde": 0.3182819187641144,
      "p90_nfde": 0.7997799158096313,
      "mean_future_displacement_km": 165.77406311035156
    },
    {
      "model": "Adaptive AR [maneuver, n=68908]",
      "mae_lat": 0.20161892473697662,
      "mae_lon": 0.25279781222343445,
      "rmse_lat": 0.37490519881248474,
      "rmse_lon": 0.44843530654907227,
      "r2_lat": 0.9972802008182946,
      "r2_lon": 0.9992242630919778,
      "mean_error_km": 35.800262451171875,
      "median_error_km": 19.1226806640625,
      "p90_error_km": 94.59067306518556,
      "p95_error_km": 130.41862792968746,
      "mean_error_nm": 19.330596923828125,
      "median_error_nm": 10.325421333312988,
      "p90_error_nm": 51.07487678527833,
      "p95_error_nm": 70.4204277038574,
      "mean_nfde": 0.8082500100135803,
      "median_nfde": 0.6749549508094788,
      "p90_nfde": 1.211085081100464,
      "mean_future_displacement_km": 52.022193908691406
    },
    {
      "model": "Adaptive AR [anchored, n=2938]",
      "mae_lat": 0.1806531697511673,
      "mae_lon": 0.23923230171203613,
      "rmse_lat": 0.39553725719451904,
      "rmse_lon": 0.5139268636703491,
      "r2_lat": 0.9969213159786108,
      "r2_lon": 0.9989061751862369,
      "mean_error_km": 33.31358337402344,
      "median_error_km": 8.371994018554688,
      "p90_error_km": 109.41585083007813,
      "p95_error_km": 148.43802871704108,
      "mean_error_nm": 17.987895965576172,
      "median_error_nm": 4.520515441894531,
      "p90_error_nm": 59.07983322143555,
      "p95_error_nm": 80.15012092590335,
      "mean_nfde": 0.8163453340530396,
      "median_nfde": 0.39675596356391907,
      "p90_nfde": 1.4121793508529676,
      "mean_future_displacement_km": 44.29767990112305
    },
    {
      "model": "Adaptive AR [other, n=3206]",
      "mae_lat": 0.29194071888923645,
      "mae_lon": 0.31749433279037476,
      "rmse_lat": 0.5119515657424927,
      "rmse_lon": 0.5600816607475281,
      "r2_lat": 0.9940988216208588,
      "r2_lon": 0.999206609177714,
      "mean_error_km": 48.51792907714844,
      "median_error_km": 30.81861686706543,
      "p90_error_km": 119.84356307983398,
      "p95_error_km": 167.42915725708008,
      "mean_error_nm": 26.197587966918945,
      "median_error_nm": 16.640722274780273,
      "p90_error_nm": 64.71034622192383,
      "p95_error_nm": 90.40451049804688,
      "mean_nfde": 0.830620527267456,
      "median_nfde": 0.4800076186656952,
      "p90_nfde": 1.3813267946243286,
      "mean_future_displacement_km": 88.23079681396484
    }
  ],
  "history": [
    {
      "epoch": 0.0,
      "train_loss": 0.1850697258656829,
      "val_loss": 0.3517544350560872,
      "lr": 0.001,
      "epoch_sec": 123.4698644541204,
      "train_steps": 36.0,
      "future_steps": 72.0,
      "teacher_forcing": 0.3,
      "train_eval_loss": 0.36135842341559504
    },
    {
      "epoch": 1.0,
      "train_loss": 0.14583873899985203,
      "val_loss": 0.30615500290834313,
      "lr": 0.001,
      "epoch_sec": 122.97868083207868,
      "train_steps": 37.0,
      "future_steps": 72.0,
      "teacher_forcing": 0.29491525423728815,
      "train_eval_loss": 0.33041310782125327
    },
    {
      "epoch": 2.0,
      "train_loss": 0.14462968991974828,
      "val_loss": 0.37657323042999086,
      "lr": 0.001,
      "epoch_sec": 123.43576268106699,
      "train_steps": 38.0,
      "future_steps": 72.0,
      "teacher_forcing": 0.28983050847457625,
      "train_eval_loss": 0.38489715694301174
    },
    {
      "epoch": 3.0,
      "train_loss": 0.14615488814758046,
      "val_loss": 0.32401564988238674,
      "lr": 0.001,
      "epoch_sec": 122.27347767283209,
      "train_steps": 40.0,
      "future_steps": 72.0,
      "teacher_forcing": 0.2847457627118644,
      "train_eval_loss": 0.326817666010255
    },
    {
      "epoch": 4.0,
      "train_loss": 0.14856223103029,
      "val_loss": 0.30397224980755416,
      "lr": 0.001,
      "epoch_sec": 122.69372079987079,
      "train_steps": 41.0,
      "future_steps": 72.0,
      "teacher_forcing": 0.2796610169491525,
      "train_eval_loss": 0.30737209575918567
    },
    {
      "epoch": 5.0,
      "train_loss": 0.14799431766578836,
      "val_loss": 0.30113120231066964,
      "lr": 0.001,
      "epoch_sec": 122.11815592297353,
      "train_steps": 42.0,
      "future_steps": 72.0,