{
  "n": 1200,
  "official_full_test": {
    "shared_med_fde": 20.19,
    "hard_med_fde": 19.08,
    "params_shared": 1895046,
    "params_hard": 4312710
  },
  "sub_med_fde_hard": 19.03232765197754,
  "sub_med_fde_shared": 20.747312545776367,
  "pct_hard_better": 52.583333333333336,
  "median_delta_fde_hard_minus_shared": -0.0025659529492259026,
  "cos_shared": {
    "9_12": 0.9718206524848938,
    "12_18": 0.9778914388857389,
    "18_24": 0.9876450237474943
  },
  "cos_hard": {
    "9_12": 0.29518751878487437,
    "12_18": 0.1408320532033318,
    "18_24": 0.1047519284643625
  },
  "forget_bias_hard": {
    "9h": -0.4538024365901947,
    "12h": -0.35388463735580444,
    "18h": -0.23933476209640503,
    "24h": -0.35223841667175293
  },
  "forget_bias_shared": -0.15843944251537323,
  "encoder_l2": {
    "9h": 159.42938232421875,
    "12h": 150.0563201904297,
    "18h": 53.62199401855469,
    "24h": 172.7364501953125
  },
  "forced_med_fde": {
    "9h": 20.79510498046875,
    "12h": 23.037736892700195,
    "18h": 24.92388153076172,
    "24h": 21.42133331298828
  },
  "selection_pct": {
    "9h": 29.166666666666668,
    "12h": 35.0,
    "18h": 0.0,
    "24h": 35.833333333333336
  },
  "shared_argmax_pct_full": {
    "9h": 0.38,
    "12h": 1.61,
    "18h": 11.91,
    "24h": 86.1
  },
  "oracle_med_fde": 14.168333053588867,
  "gate_matches_oracle_pct": 41.083333333333336,
  "oracle_choice_pct": {
    "9h": 23.333333333333332,
    "12h": 17.833333333333336,
    "18h": 25.75,
    "24h": 33.08333333333333
  },
  "grad_newest3_pct": 28.723001440457317,
  "grad_oldest3_pct": 2.2553482916581524,
  "gate_logit_grad_mass": {
    "9h": 0.4333448211704492,
    "12h": 0.10604567204822433,
    "18h": 0.0002639870989890981,
    "24h": 0.46034522561390256
  },
  "selection_vs_motion": {
    "9h": {
      "n": 350,
      "mean_sog": 4.957583904266357,
      "mean_max_dcog": 78.61058807373047,
      "mean_straightness": 0.6640575528144836,
      "pct_maneuver": 97.14285714285714,
      "pct_straight": 0.2857142857142857,
      "med_fde": 21.132450103759766
    },
    "12h": {
      "n": 420,
      "mean_sog": 6.4026594161987305,
      "mean_max_dcog": 88.65386199951172,
      "mean_straightness": 0.5631769299507141,
      "pct_maneuver": 97.14285714285714,
      "pct_straight": 0.0,
      "med_fde": 1.3132073879241943
    },
    "18h": "never",
    "24h": {
      "n": 430,
      "mean_sog": 8.501398086547852,
      "mean_max_dcog": 66.14804077148438,
      "mean_straightness": 0.675139307975769,
      "pct_maneuver": 85.34883720930233,
      "pct_straight": 4.4186046511627906,
      "med_fde": 45.99681091308594
    }
  },
  "spearman": {
    "9h": {
      "mean_sog": -0.22366174154683552,
      "max_dcog": 0.0648435461920381,
      "straightness": -0.055926773763850905
    },
    "12h": {
      "mean_sog": -0.1314099310722102,
      "max_dcog": 0.17724718701899286,
      "straightness": -0.2766877787460618
    },
    "18h": {
      "mean_sog": -0.17642336107765852,
      "max_dcog": 0.043479412894456664,
      "straightness": -0.1680739989542944
    },
    "24h": {
      "mean_sog": 0.18179478634606996,
      "max_dcog": -0.2064895750879307,
      "straightness": 0.1359453201739253
    }
  },
  "selection_by_motion_pct": {
    "straight": {
      "9h": 5.0,
      "12h": 0.0,
      "18h": 0.0,
      "24h": 95.0
    },
    "maneuver": {
      "9h": 30.493273542600896,
      "12h": 36.591928251121075,
      "18h": 0.0,
      "24h": 32.91479820627803
    },
    "other": {
      "9h": 13.846153846153847,
      "12h": 18.461538461538463,
      "18h": 0.0,
      "24h": 67.6923076923077
    }
  }
}