{
  "input": "data/processed/combined_filtered_smart/train.parquet",
  "coast": "USA Combined",
  "context_hours": [
    9.0,
    12.0,
    18.0,
    24.0
  ],
  "future_hours": 12.0,
  "history_steps": 144,
  "future_steps": 72,
  "horizon_hours_actual": 12.0,
  "gate_vessel_type": true,
  "vessel_class_names": {
    "0": "unknown",
    "1": "passenger",
    "2": "cargo",
    "3": "tanker",
    "4": "service",
    "5": "fishing",
    "6": "misc",
    "7": "hsc",
    "8": "other"
  },
  "training": {
    "haversine_weight": 0.5,
    "relative_loss_weight": 0.0,
    "min_path_km": 10.0,
    "difficulty_weighting": true,
    "maneuver_oversample": false,
    "maneuver_fraction": 0.3,
    "motion_balanced_sample": false,
    "straight_fraction": 0.15,
    "other_fraction": 0.15,
    "residual_naive": false,
    "kinematic_baseline": true,
    "split_by": "trajectory",
    "curriculum": true,
    "curriculum_start_hours": 6.0,
    "scheduled_teacher_forcing": true,
    "teacher_forcing_start": 0.3,
    "teacher_forcing_end": 0.0
  },
  "metrics": [
    {
      "model": "Kinematic baseline",
      "mae_lat": 0.8001096248626709,
      "mae_lon": 1.0178356170654297,
      "rmse_lat": 1.3236112594604492,
      "rmse_lon": 1.678428053855896,
      "r2_lat": 0.9592009999153855,
      "r2_lon": 0.9862707568774769,
      "mean_error_km": 143.09046936035156,
      "median_error_km": 106.10494232177734,
      "p90_error_km": 344.4193115234375,
      "p95_error_km": 429.2274627685547,
      "mean_error_nm": 77.2626724243164,
      "median_error_nm": 57.292083740234375,
      "p90_error_nm": 185.9715576171875,
      "p95_error_nm": 231.76428985595703,
      "mean_nfde": 5.026207447052002,
      "median_nfde": 1.3539454936981201,
      "p90_nfde": 14.42213249206543,
      "mean_future_displacement_km": 54.15364074707031
    },
    {
      "model": "Adaptive AR (12.0h ahead)",
      "mae_lat": 0.1933727115392685,
      "mae_lon": 0.24802923202514648,
      "rmse_lat": 0.3658154606819153,
      "rmse_lon": 0.43602460622787476,
      "r2_lat": 0.9968836033868962,
      "r2_lon": 0.9990734623391415,
      "mean_error_km": 34.905452728271484,
      "median_error_km": 19.681106567382812,
      "p90_error_km": 87.03604125976562,
      "p95_error_km": 122.92901229858398,
      "mean_error_nm": 18.847434997558594,
      "median_error_nm": 10.626947402954102,
      "p90_error_nm": 46.99570083618164,
      "p95_error_nm": 66.37635803222656,
      "mean_nfde": 0.8080205321311951,
      "median_nfde": 0.6205088496208191,
      "p90_nfde": 1.2905113697052002,
      "mean_future_displacement_km": 54.15364074707031
    },
    {
      "model": "Adaptive AR: full trajectory",
      "mean_ade_km": 17.850114822387695,
      "median_ade_km": 7.412600994110107,
      "final_step_mean_error_km": 34.905452728271484,
      "mean_ade_nm": 9.638289451599121,
      "median_ade_nm": 4.002484321594238,
      "final_step_mean_error_nm": 18.847434997558594,
      "mean_nade": 0.30176857113838196,
      "median_nade": 0.19039827585220337,
      "p90_nade": 0.5846331119537354,
      "mean_true_path_km": 72.3443832397461
    },
    {
      "model": "Adaptive AR [straight, n=1361]",
      "mae_lat": 0.3304331302642822,
      "mae_lon": 0.3184809982776642,
      "rmse_lat": 0.4502863883972168,
      "rmse_lon": 0.4779079258441925,
      "r2_lat": 0.9976121605584344,
      "r2_lon": 0.9990908120446887,
      "mean_error_km": 50.21930694580078,
      "median_error_km": 38.56419372558594,
      "p90_error_km": 113.50535583496094,
      "p95_error_km": 137.834228515625,
      "mean_error_nm": 27.116254806518555,
      "median_error_nm": 20.822998046875,
      "p90_error_nm": 61.28799057006836,
      "p95_error_nm": 74.42453002929688,
      "mean_nfde": 0.5742011070251465,
      "median_nfde": 0.24156497418880463,
      "p90_nfde": 0.9451156854629517,
      "mean_future_displacement_km": 157.5461883544922
    },
    {
      "model": "Adaptive AR [maneuver, n=102727]",
      "mae_lat": 0.1887315958738327,
      "mae_lon": 0.24483491480350494,
      "rmse_lat": 0.36137813329696655,
      "rmse_lon": 0.4331595003604889,
      "r2_lat": 0.9969001299258838,
      "r2_lon": 0.9990391716778177,
      "mean_error_km": 34.25383377075195,
      "median_error_km": 18.819618225097656,
      "p90_error_km": 85.74479827880872,
      "p95_error_km": 121.81626205444323,
      "mean_error_nm": 18.495594024658203,
      "median_error_nm": 10.161781311035156,
      "p90_error_nm": 46.298485565185615,
      "p95_error_nm": 65.77551879882806,
      "mean_nfde": 0.8068805932998657,
      "median_nfde": 0.6327074766159058,
      "p90_nfde": 1.2791564464569092,
      "mean_future_displacement_km": 51.71294403076172
    },
    {
      "model": "Adaptive AR [anchored, n=5070]",
      "mae_lat": 0.1804012656211853,
      "mae_lon": 0.23034219443798065,
      "rmse_lat": 0.3926125168800354,
      "rmse_lon": 0.47221922874450684,
      "r2_lat": 0.9953331035057006,
      "r2_lon": 0.9986814332047317,
      "mean_error_km": 32.633426666259766,
      "median_error_km": 9.193157196044922,
      "p90_error_km": 105.06238632202157,
      "p95_error_km": 154.32405548095704,
      "mean_error_nm": 17.62063980102539,
      "median_error_nm": 4.963907718658447,
      "p90_error_nm": 56.72914886474614,
      "p95_error_nm": 83.32832336425781,
      "mean_nfde": 0.8147387504577637,
      "median_nfde": 0.37450897693634033,
      "p90_nfde": 1.3261866211891185,
      "mean_future_displacement_km": 44.498291015625
    },
    {
      "model": "Adaptive AR [other, n=4020]",
      "mae_lat": 0.26485297083854675,
      "mae_lon": 0.3003498613834381,
      "rmse_lat": 0.4396858811378479,
      "rmse_lon": 0.4800463318824768,
      "r2_lat": 0.9955894886528637,
      "r2_lon": 0.9992021353731482,
      "mean_error_km": 45.85648727416992,
      "median_error_km": 32.52953338623047,
      "p90_error_km": 102.19591369628905,
      "p95_error_km": 129.99018249511718,
      "mean_error_nm": 24.760520935058594,
      "median_error_nm": 17.56454086303711,
      "p90_error_nm": 55.18138046264648,
      "p95_error_nm": 70.18908195495605,
      "mean_nfde": 0.9002916216850281,
      "median_nfde": 0.540459394454956,
      "p90_nfde": 1.7834581613540648,
      "mean_future_displacement_km": 81.41085052490234
    }
  ],
  "history": [
    {
      "epoch": 0.0,
      "train_loss": 0.11875332658431756,
      "val_loss": 0.6190262188464248,
      "lr": 0.001,
      "epoch_sec": 180.41260529705323,
      "train_steps": 36.0,
      "future_steps": 72.0,
      "teacher_forcing": 0.3,
      "train_eval_loss": 0.620197421733097
    },
    {
      "epoch": 1.0,
      "train_loss": 0.09036572808908461,
      "val_loss": 0.21823986332025103,
      "lr": 0.001,
      "epoch_sec": 181.15741713903844,
      "train_steps": 37.0,
      "future_steps": 72.0,
      "teacher_forcing": 0.29491525423728815,
      "train_eval_loss": 0.2339358527227037
    },
    {
      "epoch": 2.0,
      "train_loss": 0.0896356377919506,
      "val_loss": 0.22745377253600707,
      "lr": 0.001,
      "epoch_sec": 181.08675947901793,
      "train_steps": 38.0,
      "future_steps": 72.0,
      "teacher_forcing": 0.28983050847457625,
      "train_eval_loss": 0.24285647669413854
    },
    {
      "epoch": 3.0,
      "train_loss": 0.09088894387408587,
      "val_loss": 0.2085453683087599,
      "lr": 0.001,
      "epoch_sec": 181.51233116909862,
      "train_steps": 40.0,
      "future_steps": 72.0,
      "teacher_forcing": 0.2847457627118644,
      "train_eval_loss": 0.22452976653126222
    },
    {
      "epoch": 4.0,
      "train_loss": 0.08961559654932424,
      "val_loss": 0.2181534521474135,
      "lr": 0.001,
      "epoch_sec": 180.92065434809774,
      "train_steps": 41.0,
      "future_steps": 72.0,
      "teacher_forcing": 0.2796610169491525,
      "train_eval_loss": 0.22666430608560928
    },
    {
      "epoch": 5.0,
      "train_loss": 0.09059630096532782,