{
  "low": {
    "index": 14,
    "error_km": 0.12952287955024905
  },
  "high": {
    "index": 159,
    "error_km": 51.914095913258464
  }
}