{
  "low": {
    "index": 14,
    "error_km": 0.12952287955024905,
    "anchor": [
      40.51742935180664,
      -74.24681854248047
    ],
    "gt_12h": [
      40.51741409301758,
      -74.24681091308594
    ],
    "pred_12h": [
      40.516666412353516,
      -74.24563598632812
    ]
  },
  "high": {
    "index": 159,
    "error_km": 51.914095913258464,
    "anchor": [
      40.660762786865234,
      -74.14751434326172
    ],
    "gt_12h": [
      40.2657585144043,
      -73.81761932373047
    ],
    "pred_12h": [
      40.65999984741211,
      -74.14633178710938
    ]
  }
}