{
  "low_error_row": 14,
  "high_error_row": 159,
  "low_error_km": 0.12952287955024905,
  "high_error_km": 51.914095913258464,
  "seed": 42
}