{
  "input": "data/processed/combined_filtered_smart/train.parquet",
  "coast": "USA Combined",
  "run_tag": "exp_final/sliding_3h",
  "experiment_id": "sliding_3h",
  "model_family": "recursive_sliding",
  "chunk_hours": 3.0,
  "forecast_hours": 12,
  "steps_per_chunk": 18,
  "n_recursive_chunks": 4,
  "architecture": {
    "type": "lstm",
    "hidden_dim": 256,
    "num_layers": 2
  },
  "training": {
    "epochs_ran": 22,
    "best_val_loss": 0.08378468017673228,
    "improvements": {
      "haversine_weight": 0.5,
      "relative_loss_weight": 0.0,
      "min_path_km": 10.0,
      "difficulty_weighting": true,
      "maneuver_oversample": false,
      "maneuver_fraction": 0.3,
      "motion_balanced_sample": false,
      "straight_fraction": 0.15,
      "other_fraction": 0.15,
      "residual_naive": false,
      "kinematic_baseline": true,
      "split_by": "trajectory",
      "curriculum": false,
      "curriculum_start_hours": 6.0,
      "scheduled_teacher_forcing": true,
      "teacher_forcing_start": 0.3,
      "teacher_forcing_end": 0.0
    }
  },
  "metrics": [
    {
      "model": "Naive baseline",
      "mae_lat": 0.35302960872650146,
      "mae_lon": 0.42869535088539124,
      "rmse_lat": 1.429131031036377,
      "rmse_lon": 1.4742114543914795,
      "r2_lat": 0.9524366117337234,
      "r2_lon": 0.989408421731995,
      "mean_error_km": 63.10989761352539,
      "median_error_km": 26.161558151245117,
      "p90_error_km": 136.90782165527344,
      "p95_error_km": 212.56682586669922,
      "mean_error_nm": 34.07661437988281,
      "median_error_nm": 14.126111030578613,
      "p90_error_nm": 73.92430877685547,
      "p95_error_nm": 114.77690124511719,
      "mean_nfde": 1.2389020919799805,
      "median_nfde": 0.8476654887199402,
      "p90_nfde": 1.6022999286651611,
      "mean_future_displacement_km": 54.15364074707031
    },
    {
      "model": "Kinematic baseline",
      "mae_lat": 0.8001096248626709,
      "mae_lon": 1.0178356170654297,
      "rmse_lat": 1.3236112594604492,
      "rmse_lon": 1.678428053855896,
      "r2_lat": 0.9592009999153855,
      "r2_lon": 0.9862707568774769,
      "mean_error_km": 143.09046936035156,
      "median_error_km": 106.10494232177734,
      "p90_error_km": 344.4193115234375,
      "p95_error_km": 429.2274627685547,
      "mean_error_nm": 77.2626724243164,
      "median_error_nm": 57.292083740234375,
      "p90_error_nm": 185.9715576171875,
      "p95_error_nm": 231.76428985595703,
      "mean_nfde": 5.026207447052002,
      "median_nfde": 1.3539454936981201,
      "p90_nfde": 14.42213249206543,
      "mean_future_displacement_km": 54.15364074707031
    },
    {
      "model": "Recursive 3h sliding LSTM: recursive 12h position",
      "mae_lat": 0.21602299809455872,
      "mae_lon": 0.2667892873287201,
      "rmse_lat": 0.3894748091697693,
      "rmse_lon": 0.4591842591762543,
      "r2_lat": 0.9964674580079753,
      "r2_lon": 0.9989724214025295,
      "mean_error_km": 38.08155059814453,
      "median_error_km": 22.30512237548828,
      "p90_error_km": 97.97344207763672,
      "p95_error_km": 135.44937133789062,
      "mean_error_nm": 20.562395095825195,
      "median_error_nm": 12.043802261352539,
      "p90_error_nm": 52.90142822265625,
      "p95_error_nm": 73.13681030273438,
      "mean_nfde": 0.8851789236068726,
      "median_nfde": 0.646706223487854,
      "p90_nfde": 1.5747857093811035,
      "mean_future_displacement_km": 54.15364074707031
    },
    {
      "model": "Recursive 3h sliding LSTM: full recursive trajectory",
      "mean_ade_km": 18.566791534423828,
      "median_ade_km": 7.732831954956055,
      "final_step_mean_error_km": 38.08155059814453,
      "mean_ade_nm": 10.025273323059082,
      "median_ade_nm": 4.1753950119018555,
      "final_step_mean_error_nm": 20.562395095825195,
      "mean_nade": 0.31859683990478516,
      "median_nade": 0.19238190352916718,
      "p90_nade": 0.6228920221328735,
      "mean_true_path_km": 72.3443832397461
    },
    {
      "model": "Recursive 3h sliding LSTM: recursive 12h position [straight, n=1361]",
      "mae_lat": 0.47874900698661804,
      "mae_lon": 0.47268813848495483,
      "rmse_lat": 0.5897613763809204,
      "rmse_lon": 0.592867910861969,
      "r2_lat": 0.9959038094623962,
      "r2_lon": 0.9986007959509817,
      "mean_error_km": 71.81072998046875,
      "median_error_km": 61.60773468017578,
      "p90_error_km": 123.78384399414062,
      "p95_error_km": 150.5682830810547,
      "mean_error_nm": 38.774688720703125,
      "median_error_nm": 33.2655143737793,
      "p90_error_nm": 66.83792877197266,
      "p95_error_nm": 81.30036926269531,
      "mean_nfde": 0.753262996673584,
      "median_nfde": 0.3971942663192749,
      "p90_nfde": 1.3760665655136108,
      "mean_future_displacement_km": 157.5461883544922
    },
    {
      "model": "Recursive 3h sliding LSTM: recursive 12h position [maneuver, n=102727]",
      "mae_lat": 0.2086554914712906,
      "mae_lon": 0.2611502707004547,
      "rmse_lat": 0.38196778297424316,
      "rmse_lon": 0.4547649919986725,
      "r2_lat": 0.9965368350568254,
      "r2_lon": 0.9989409312522826,
      "mean_error_km": 37.06692123413086,
      "median_error_km": 21.172224044799805,
      "p90_error_km": 94.78889160156255,
      "p95_error_km": 134.47494506835938,
      "mean_error_nm": 20.014535903930664,
      "median_error_nm": 11.432085990905762,
      "p90_error_nm": 51.18190765380862,
      "p95_error_nm": 72.61066284179688,
      "mean_nfde": 0.8806629180908203,
      "median_nfde": 0.6538410782814026,
      "p90_nfde": 1.555788159370424,
      "mean_future_displacement_km": 51.71294403076172
    },
    {
      "model": "Recursive 3h sliding LSTM: recursive 12h position [anchored, n=5070]",
      "mae_lat": 0.18809624016284943,
      "mae_lon": 0.23289252817630768,
      "rmse_lat": 0.3983735740184784,
      "rmse_lon": 0.47455403208732605,
      "r2_lat": 0.9951951382877786,
      "r2_lon": 0.998668362166831,
      "mean_error_km": 33.304420471191406,
      "median_error_km": 9.067645072937012,
      "p90_error_km": 108.82398834228518,
      "p95_error_km": 153.13482589721684,
      "mean_error_nm": 17.982948303222656,
      "median_error_nm": 4.89613676071167,
      "p90_error_nm": 58.76025352478029,
      "p95_error_nm": 82.68619117736819,
      "mean_nfde": 0.7582169771194458,
      "median_nfde": 0.427531898021698,
      "p90_nfde": 1.2664011836051947,
      "mean_future_displacement_km": 44.498291015625
    },
    {
      "model": "Recursive 3h sliding LSTM: recursive 12h position [other, n=4020]",
      "mae_lat": 0.3151678144931793,
      "mae_lon": 0.3366503119468689,
      "rmse_lat": 0.48353084921836853,
      "rmse_lon": 0.510069727897644,
      "r2_lat": 0.9946660090664201,
      "r2_lon": 0.9990992132051174,
      "mean_error_km": 52.250038146972656,
      "median_error_km": 37.2074089050293,
      "p90_error_km": 121.86034774780273,
      "p95_error_km": 143.8986640930175,
      "mean_error_nm": 28.2127628326416,
      "median_error_nm": 20.09039306640625,
      "p90_error_nm": 65.79932479858398,
      "p95_error_nm": 77.6990642547607,
      "mean_nfde": 1.0337992906570435,
      "median_nfde": 0.5896850228309631,
      "p90_nfde": 2.1705110549926756,
      "mean_future_displacement_km": 81.41085052490234
    }
  ],
  "history": [
    {
      "epoch": 0.0,
      "train_loss": 0.26718665596062274,
      "val_loss": 0.09833889903886057,
      "lr": 0.001,
      "epoch_sec": 24.788644755957648,
      "train_eval_loss": 0.09862628034235128
    },
    {
      "epoch": 1.0,
      "train_loss": 0.24680128201721127,
      "val_loss": 0.09453132920444478,
      "lr": 0.001,
      "epoch_sec": 24.000784815987572,
      "train_eval_loss": 0.09343889472940806
    },
    {
      "epoch": 2.0,
      "train_loss": 0.23339664530032309,
      "val_loss": 0.09078843828385737,
      "lr": 0.001,
      "epoch_sec": 23.76426060195081,